Topic,Category,Level,Resource,Author / Provider,Course Code,Prerequisite,Priority in Website ,CSU Class,Best for (goal),URL Link
AI,Applied / Domain-Specific Resources,Intermediate,Asabenhur: Github ,Sarath Sreedharan,N/A,N/A,1,N,Supporting information for introductory Machine Learning,https://github.com/sarathsreedharan/CS345
AI,Video Courses / Structured Learning Paths,Advanced,Code Academy: Data and Programming Foundations for AI,Code Academy ,N/A,N/A,1,N,Learning foundational AI skills and implementing python into AI coding ,https://www.codecademy.com/learn/paths/machine-learning-ai-engineering-foundations
AI,Video Courses / Structured Learning Paths,New to Programming,Code Academy: Intro to Vibe Coding,Code Academy,N/A,N/A,2,N,Learning how to effectively vibe code,https://www.codecademy.com/learn/intro-to-vibe-coding
AI,Video Courses / Structured Learning Paths,New to Programming,CodeAcademy: Learn Prompt Engineering,Code Academy,N/A,N/A,2,N,Effectively generating AI Prompts,https://www.codecademy.com/learn/learn-prompt-engineering
AI,Applied / Domain-Specific Resources,Intermediate,Haonen Chen: Github,Haonen Chen,N/A,N/A,1,N,Learning to utilize software that assists with iterative development and AI review ,https://github.com/haonan16/duo
AI,Video Courses / Structured Learning Paths,Beginner,Introduction to Artificial Intelligence,Sage Campus,N/A,N/A,1,N,Accessing Fundamental AI skills ,https://classroom.sagepub.com/course/view.php?id=67
AI,Applied / Domain-Specific Resources,Advanced,Jeff Nieman: Github,Jeff Nieman,N/A,N/A,1,N,Learning how to apply code to AI and Modeling,https://github.com/jeff-niemann/
AI,Applied / Domain-Specific Resources,Intermediate,Jesse Burkhardt: Website ,Jesse Burkhardt ,N/A,N/A,1,N,Learning more about air pollution monitoring and econometric analysis,https://sites.google.com/site/burkhaj/home/research?authuser=0
AI,Applied / Domain-Specific Resources,Beginner,Sarathsreedharan: Github ,Sarath Sreedharan,N/A,N/A,1,N, learning how to use machine learning,https://github.com/sarathsreedharan/CSU_CS_445
AI,Applied / Domain-Specific Resources,Advanced,Sarathsreedharan: Github ,Sarath Sreedharan,N/A,N/A,2,N,Coding for machine learning,https://github.com/sarathsreedharan/ModelLearner
AI,Applied / Domain-Specific Resources,Intermediate,Tristachi: Github,Ravi Mangal,N/A,N/A,1,N,Learning how to use a dataset to train AI,https://github.com/SharedControlAutonomousDriving/scad_tot
AI,Applied / Domain-Specific Resources,Advanced,Xinran Wang: Github,Xinran Wang,N/A,N/A,1,N,Developing Human Related AI skills,https://github.com/wang8740/MAP
Bash,Books / eBooks,Intermediate,Awesome-Bash: Gitub,Awesome-Bash,N/A,N/A,1,N,Accessing Bash Scripts and useful resources ,https://github.com/awesome-lists/awesome-bash
Bash,Online Courses / Structured Learning Paths,Beginner,Bash/Shell Courses,CodeAcademy,N/A,N/A,1,N,Learning the basics of bash coding,
Bash,Online Courses / Structured Learning Paths,Advanced,CodeAcademy: Software Engineering for Data Scientists,CodeAcademy,N/A,N/A,1,N,Getting a certification focused on software engineering using Bash and Python coding ,https://www.codecademy.com/learn/paths/software-engineering-for-data-scientists
Bash,Online Courses / Structured Learning Paths,Intermediate,CodeAcedemy: Learn Bash Scripting ,CodeAcademy,N/A,N/A,2,N,Learning to script code with Bash,https://www.codecademy.com/learn/bash-scripting
Bash,Books / eBooks,Intermediate,dylanaraps: Github,dylanaraps,N/A,N/A,1,N,Using built in bash processes to make codes run more efficient and reduce depencies on scripts ,https://github.com/dylanaraps/pure-bash-bible
Bash,Online Courses / Structured Learning Paths,Beginner,Getting Started Off - Platform for Data Science,Code Academy ,N/A,N/A,1,N,Using Bash to work on data science related work on your computer ,
Bash,Online Courses / Structured Learning Paths,Beginner,Learn the Command line ,CodeAcademy,N/A,N/A,1,N,learning to use the command line for file management,
Bash,Books / eBooks,Intermediate,LinuxConfig: Bash Scripting Tutorial For Beginners,LinuxConfig,N/A,N/A,1,N,Understanding the basics of Bash Scripts ,https://linuxconfig.org/bash-scripting-tutorial-for-beginners
Bash,Video Courses / Structured Learning Paths,Beginner,Miicrosoft Developer: Bash for Beginners,Microsoft,N/A,N/A,1,N,"Getting the basics of bash coding and some important applications, shell",https://www.bing.com/videos/search?q=Bash+for+Beginners+Series+by+Microsoft+Developer&FORM=VRPATC
Bash,Books / eBooks,Intermediate,onceupon: Github,onceupon ,N/A,N/A,2,N,Accessing 1 Line bash codes for efficiency,https://github.com/onceupon/Bash-Oneliner
Bash,Documentation / Reference / Practice,Intermediate,Version Control with GIT,Carpentry,N/A,N/A,1,N,Learning to use Version Control and applications of it,https://swcarpentry.github.io/git-novice/
C/C++,Online Courses / Structured Learning Paths,Beginner - Advanced,C++ Courses,Code Academy ,N/A,N/A,1,N,Accessing a Variety of C & C ++ Coding Resources,https://www.codecademy.com/catalog/language/c-plus-plus
C/C++,Online Courses / Structured Learning Paths,Intermediate,CodeAcademy: C# Courses,Code Academy ,N/A,N/A,3,N,Learning how to use C# ,https://www.codecademy.com/catalog/language/c-sharp?g_network=o&g_productchannel=&g_adid=&g_locinterest=&g_keyword=c%23%20course&g_acctid=243-039-7011&g_adtype=&g_keywordid=kwd-79508828698092:loc-4085&g_ifcreative=&g_campaign=account&g_locphysical=94007&g_adgroupid=1272135574815019&g_productid=&g_source=%7bsourceid%7d&g_merchantid=&g_placement=&g_partition=&g_campaignid=370314508&g_ifproduct=&utm_id=t_kwd-79508828698092:loc-4085:ag_1272135574815019:cp_370314508:n_o:d_c&msclkid=b3aaebd84a3d1750399581ce49575358&utm_source=bing&utm_medium=cpc&utm_campaign=US%20-%20Exact&utm_term=c%23%20course&utm_content=C%23
C/C++,Applied / Domain-Specific Resources,Advanced,Dharma Hoy: Github,Dharma Hoy,N/A,N/A,1,N,Using C++ to create a github package,https://github.com/dharmahoy/STAT600-HW1-SimpLinHoy
C/C++,Applied / Domain-Specific Resources,Advanced,dsoprea: github,dsoprea:github ,N/A,N/A,1,N,Using C++ to filter through a website for key information ,https://github.com/dsoprea/QtExample
C/C++,Online Courses / Structured Learning Paths,Beginner,Learn C,Code Academy ,N/A,N/A,2,N,Learning how to use C coding,
C/C++,Online Courses / Structured Learning Paths,Intermediate,Learn Intermediate C++ ,Code Academy ,N/A,N/A,1,N,Understanding more complex C++ Concepts beyond introduction,
C/C++,Online Courses / Structured Learning Paths,Intermediate,Learn Object Oriented Programming with C++,Code Academy ,N/A,N/A,1,N,Learning Object Oriented Progamming concepts with C++,
C/C++,Applied / Domain-Specific Resources,New to Programming,Medium: A Beginners Guide to Understanding C Programming for Web Developers ,Medium,N/A,N/A,1,N,Learning the Basics of C Programming ,https://medium.com/@ayusharpcoder/a-beginners-guide-to-understanding-c-programming-for-web-developers-a9912ab967ad
C/C++,Applied / Domain-Specific Resources,Intermediate,nkrishnaswamy,Nikhil Krishnaswam,N/A,N/A,1,N,Using C code to orient and locate objects from files and do large computations,https://github.com/nkrishnaswamy/ecicomposer
C/C++,Books / eBooks,Intermediate,Wikibooks.org: C++ ,Wikibooks,N/A,N/A,1,N,Learning all Things C+ ,https://upload.wikimedia.org/wikipedia/commons/e/e9/CPlusPlusProgramming.pdf?utm_source=en.wikibooks.org&utm_campaign=index&utm_content=original
Excel,Online Courses / Structured Learning Paths,Beginner,Code Academy: Analyze Data with Microsoft Excel,Code Academy ,N/A,N/A,1,N,Learning how to visualize and analyze data in excel spreadsheets ,https://www.codecademy.com/learn/analyze-data-with-microsoft-excel-2021
Excel,Video Courses / Structured Learning Paths,Beginner,Code Academy: Excel Basics,Code Academy ,N/A,N/A,1,N,Learning to use basic Excel functions ,https://www.codecademy.com/learn/excel-basics-course
Excel,Applied / Domain-Specific Resources,Beginner,Excel Functions: Complete List by Category,Spreadsheet Planet ,N/A,N/A,1,N,Learning about different types of excel functions ,https://spreadsheetplanet.com/excel-functions/
Excel,Applied / Domain-Specific Resources,Intermediate,Kawser Ahmed,Excel Demy ,N/A,N/A,2,N,Understanding how to write VBA Code,https://www.exceldemy.com/how-to-write-vba-code-in-excel/
Excel,Applied / Domain-Specific Resources,New to Programming,"Summary of “Data Organization in Spreadsheets” (Broman and Woo, 2018)",Broman and Woo,N/A,N/A,1,N,Understanding good data organization habits,https://statlab.colostate.edu/wp-content/uploads/sites/12/2019/06/dataorganizationspreadsheetsbromanwoo-1.pdf
Excel,Video Courses / Structured Learning Paths,Advanced,Udemy: The Ultimate Excel Programmer Course,Udemy,N/A,N/A,1,N,"Learning to write VBA Code, functions, loops, and other coding applications in Excel ",https://www.udemy.com/course/ultimate-excel-programmer/?im_ref=3%3AEXDO1o4xyZRD5XSUwl-UxXUkuRc3S400000w0&sharedid=EdgeBingFlow&irpid=2003851&utm_medium=affiliate&utm_source=impact&utm_audience=mx&utm_tactic=%22Loyalty%22%2C%22US%20-%20North%20America%22&utm_content=3260104&utm_campaign=2003851&irgwc=1&afsrc=1
Geospatial,Applied / Domain-Specific Resources,Advanced,Caitlin Mothes: Github ,Caitlin Mothes,N/A,N/A,2,N,"Applying R Code to various enviromental justice, GIS, and research",https://github.com/ccmothes
Geospatial,Applied / Domain-Specific Resources,Intermediate,Dharma Hoy: Github,Dharma Hoy,N/A,N/A,2,N,Use R studio for various GIS and game making applications,https://github.com/dharmahoy/STAT600-HW1-SimpLinHoy
Geospatial,Applied / Domain-Specific Resources,Beginner,Elizabeth Tulanowski: Github ,Elizabeth Tulanowski,N/A,N/A,1,N," Learning foundational python skills, including data analysis and data acquisition ",https://github.com/hethbill/PythonSamples
Geospatial,Books / eBooks,Beginner,Essentials of Geographic Information Systems,Open Textbook LIbrary,N/A,N/A,1,N,Introductory book for mapping and GIS ,https://open.umn.edu/opentextbooks/textbooks/67
Geospatial,Applied / Domain-Specific Resources,Beginner - Advanced,Geo University Online Platform (Pay Wall) ,Geo University,N/A,N/A,1,N,Accessing any and all GIS materials ,https://www.geo.university/
Geospatial,Video Courses / Structured Learning Paths,Beginner,Geospatial Data Science with R ,Watch&Learn with Dr. XP,N/A,N/A,1,N,Learning to use R Studio for GIS applications ,https://www.youtube.com/watch?v=sDYUUzyaUM8&list=PLn_S1vjm5cr29NH4BwcgG-K31_VG6dgtm
Geospatial,Applied / Domain-Specific Resources,Beginner,GIS Basics (Log in required) ,ESRI,N/A,N/A,1,N,Learning basic GIS skills via ArcGIS ,https://www.esri.com/training/catalog/5d9cd7de5edc347a71611ccc/gis-basics/
Geospatial,Online Courses / Structured Learning Paths,Intermediate,GIS For Natural Resource Management,University of Minnesota,N/A,N/A,2,N,Accessing supplementary course materials on GIS ,https://giscourses.cfans.umn.edu/fnrm3131
Geospatial,Applied / Domain-Specific Resources,Intermediate,Haonen Chen: Github,Haonen Chen,N/A,N/A,2,N,Learning to use Python for remote sensing and grounding applications using Mast3r software,https://github.com/haonan16
Geospatial,Applied / Domain-Specific Resources,Intermediate,Jessica Oconnell: Github ,Jessica Oconnell,N/A,N/A,1,N,Using R for remote sensing applications,https://github.com/jloconnell/
Geospatial,Applied / Domain-Specific Resources,Intermediate,Kai Jeffreys : Github ,Kai Jeffreys,N/A,N/A,1,N,Learning to use Python to build raster layers ,https://github.com/kaijeffreys/ForestedWetlands
Geospatial,Applied / Domain-Specific Resources,Intermediate,Kai Jeffreys : Github ,Kai Jeffreys,N/A,N/A,2,N,Building raster layers using R,https://github.com/kaijeffreys/WIP
Geospatial,Video Courses / Structured Learning Paths,Intermediate,Programming for GIS 1 - ArcPy,Elizabeth Tulanowski,N/A,N/A,1,N,Learning to use ArcPy and Python for GIS,https://www.youtube.com/playlist?list=PLDX1ZtgI1MQjvYdHP7iT6cPNplSTE6Hgy
Geospatial,Video Courses / Structured Learning Paths,Intermediate,Python Foundation for Spatial Analysis,Multiple instructors (YouTube),N/A,N/A,2,N,Using python for spatial analysis ,https://www.youtube.com/playlist?list=PLppGmFLhQ1HJspXSA0asH9kw1OhlLrxHT
Geospatial,Online Courses / Structured Learning Paths,Advanced,Python Scripting for Geoprocessing Workflows (Log in Required) ,ESRI,N/A,N/A,1,N,Learning to use Arcpy and python scripting for GIS processes,https://www.esri.com/training/catalog/5763042c851d31e02a43ed84/python-scripting-for-geoprocessing-workflows/
Geospatial,Applied / Domain-Specific Resources,Beginner - Advanced,R as GIS for Economists,T. Mieno,N/A,N/A,1,N,Applying R To GIS concepts and application,https://tmieno2.github.io/R-as-GIS-for-Economists-Quarto/chapters/00-preface.html
Geospatial,Applied / Domain-Specific Resources,Intermediate,"Spatial Data Science with R and ""terra""",Spatial Data Science,N/A,N/A,2,N,Learning to use GIS related R packages and R for various different branches of GIS,https://rspatial.org/index.html
Geospatial,Applied / Domain-Specific Resources,Advanced,Steve Leisz: ResearchGate,Steve Leisz,N/A,N/A,2,N,Learning geospatial applciations for land use vegetation change,https://www.bing.com/ck/a?!&&p=40a0976d9f2d06096e7db98bd82d04a64ab4fe7a9d6401e244269f9f21950b75JmltdHM9MTc3OTMyMTYwMA&ptn=3&ver=2&hsh=4&fclid=2a68803d-d7c7-641b-3466-96e4d6066551&psq=Steve+Leisz&u=a1aHR0cHM6Ly93d3cucmVzZWFyY2hnYXRlLm5ldC9wcm9maWxlL1N0ZXBoZW4tTGVpc3o
Geospatial,Applied / Domain-Specific Resources,Advanced,Trent Pearce: Github,Trent Pearce,N/A,N/A,1,N,using R Code to map chemical exposure,https://github.com/trentpearce/felid_rodenticide
Geospatial ,Applied / Domain-Specific Resources,Advanced,Ryan Smith: Remote Sensing Hydrology Research Group ,Ryan Smith,N/A,N/A,1,N,Applying remote sensing to hydrology applications,https://github.com/rg-smith
HPC,Books / eBooks,Advanced,ACM Digital Library: Hiearchal Progressive Coding Framework for Volumetric Video,ACM Digital Library,N/A,N/A,2,N,Accessing HPC Code for 3d effects,https://dl.acm.org/doi/10.1145/3664647.3681107
HPC,Applied / Domain-Specific Resources,Advanced,Erin Nishimura: github,Erin Nishimura,N/A,N/A,1,N,Learning how to create scripts and analyzing data for biological applications,https://github.com/erinosb/RAS-MAPK-Mitosis
HPC,Online Courses / Structured Learning Paths,Beginner,HPC Lab: HPC Launch Workshop,HPC Lab,N/A,N/A,1,N,Learning HPC Code and best practices for using it ,https://hds-sandbox.github.io/HPC-lab/workshop/launch-requirements.html
HPC,Applied / Domain-Specific Resources,Advanced,Riviera 0.1.0,Riviera,N/A,N/A,1,N,learning to access hpcs and applying them to large scale concepts. ,https://riviera-docs.readthedocs.io/en/latest/index.html
HPC,Applied / Domain-Specific Resources,Intermediate,Trevor Vincent: Github,Trevor Vincent ,N/A,N/A,1,N,Learning HPC Softwares  and Libraries ,https://github.com/trevor-vincent/awesome-high-performance-computing
HTML,Online Courses / Structured Learning Paths,Advanced,Build a Website with HTML ,Code Academy ,N/A,N/A,2,N,Learning how to build a website using HTMl and other coding languages,https://www.codecademy.com/learn/paths/learn-how-to-build-websites
HTML,Applied / Domain-Specific Resources,Intermediate,Evan Anspach: Github,Evan Anspach,N/A,N/A,1,N,Understanding HTML Code and how it can be used ,https://code.datasciencedojo.com/datasciencedojo/datasets/-/blob/master/Abalone/README.md?ref_type=heads
HTML,Online Courses / Structured Learning Paths,Intermediate,How to Deploy a Website,Code Academy ,N/A,N/A,1,N,Learning the different website deploying pages and how to use them ,https://www.codecademy.com/learn/deploy-a-website
HTML,Online Courses / Structured Learning Paths,Beginner - Advanced,HTML Learning Courses,Code Academy ,N/A,N/A,2,N,Accessing a wide range of HTMl courses and their applications ,https://www.codecademy.com/catalog/language/html-css
HTML,Applied / Domain-Specific Resources,Beginner,Jessica Oconnell: Github ,Jessica Oconnell,N/A,N/A,1,N,Creating a website with HTML Code,https://github.com/jloconnell/jloconnell.github.io
HTML,Applied / Domain-Specific Resources,Beginner,Kai Jeffreys : Github ,Kai Jeffreys,N/A,N/A,1,N,Building a repository,https://github.com/kaijeffreys/short_lab4/blob/main/short-lab-04_github.Rmd
HTML,Online Courses / Structured Learning Paths,Beginner,Learn HTML,Code Academy ,N/A,N/A,1,N,Learning the HTML coding basics,https://www.codecademy.com/learn/learn-html
HTML,Online Courses / Structured Learning Paths,Beginner,Learn HTML: Fundamentals,Code Academy ,N/A,N/A,2,N,Fundamental HTML applications for website purposes ,https://www.codecademy.com/learn/learn-html-fundamentals
HTML,Applied / Domain-Specific Resources,Advanced,nkrishnaswamy,Nikhil Krishnaswam,N/A,N/A,1,N,Using HTML Code for 3d modeling purposes ,https://github.com/nkrishnaswamy/lbsrmodeling
HTML,Applied / Domain-Specific Resources,Intermediate,Pravinraja: Github,Pravinraja,N/A,N/A,2,N,Using HTML to create a a website and the necessary components for images and videos ,https://github.com/Pravinraja/Html-and-css-web-development-website-creation-/blob/master/page1.html
HTML,Applied / Domain-Specific Resources,Advanced,Remy Github: HTML5 demos,Remy ,N/A,N/A,2,N,Getting examples of how HTML can be used for demos and website creation ,https://github.com/remy/html5demos
HTML,Applied / Domain-Specific Resources,Intermediate,Tianyang Wang: Github ,Tianyang Wang ,N/A,N/A,1,N,Creating Jekyll themes using HTML code,https://github.com/Tianyang-Wang/Tianyang.wang-Nanjing
HTML,Online Courses / Structured Learning Paths,Beginner,W3 Schools: HTML Classes,W3 Schools,N/A,N/A,2,N,Learning the basics of HTML and how to use it ,https://www.w3schools.com/html/html_classes.asp
Javascript,Applied / Domain-Specific Resources,Intermediate,Alejandro-Du: Github ,Alejandro-Du,N/A,N/A,1,N,Developing a website in Java ,https://github.com/alejandro-du/java-web-app-course
Javascript,Applied / Domain-Specific Resources,Advanced,Ariana Mims: Github,Ariana Mims:,N/A,N/A,1,N,Coding to Create a Game via blockchain,https://github.com/Aricmims/BlockchainTermProject/blob/main/contracts/Betting.sol
Javascript,Applied / Domain-Specific Resources,Intermediate,bug7A,bug7A,N/A,N/A,1,N,Understanding a variety of web app java templates,https://github.com/bug7a/javascript-mobile-app-template
Javascript,Online Courses / Structured Learning Paths,Intermediate,Building Interactive JavaScript Websites,Code Academy,N/A,N/A,1,N,Building a website using javascript,https://www.codecademy.com/learn/build-interactive-websites
Javascript,Online Courses / Structured Learning Paths,Beginner,Learn Javascript,CodeAcademy,N/A,N/A,1,N,Learn how to code in javascript,https://www.codecademy.com/enrolled/courses/introduction-to-javascript
Javascript,Online Courses / Structured Learning Paths,Beginner - Advanced,Java and Javascript Courses,Code Academy ,N/A,N/A,2,N,Accessing a wide array of Java and Javascript coding resources,
Javascript,Applied / Domain-Specific Resources,Beginner,The Javascript Language,Javascriptinf,N/A,N/A,1,N,Learning how to use Javascript and its various tools,https://javascript.info/js
Javascript,Online Courses / Structured Learning Paths,Intermediate,Javascript Personal Website: A Step by Step Guide,Codezup,N/A,N/A,1,N,Learning to develop a website with javascript,https://codezup.com/build-a-personal-website-with-javascript/
Matlab,Applied / Domain-Specific Resources,Advanced,Applications of MATLAB In Engineering,Ijraset,N/A,N/A,1,N,Applying Matlab skills to engineering practices,https://www.ijraset.com/research-paper/applications-of-matlab-in-engineering
Matlab,Online Courses / Structured Learning Paths,Beginner,Build Matlab Proficiency,Matlab help center,N/A,N/A,1,N,Developing a strong matlab foundation for more challenging applications,https://matlabacademy.mathworks.com/details/build-matlab-proficiency/lpmlbmp
Matlab,Online Courses / Structured Learning Paths,Intermediate,Data Analysis in Matlab ,Matlab Help Center ,N/A,N/A,1,N,Learning how to analyze complex datasets for broad applications,https://matlabacademy.mathworks.com/details/data-analysis-in-matlab/lpmldam
Matlab,Applied / Domain-Specific Resources,Advanced,Hack Your Carbon Impact Workshop: Carbon Footprint Calculator & Action Tracker,werixx1,N/A,N/A,2,N,Learning how to utilize Matlab for climate action applications,https://github.com/werixx1/CarbonImpactTracking_MATLAB_EXPO_2025
Matlab,Online Courses / Structured Learning Paths,Beginner,Handle Inconsistent and Unstructured Data Files ,Matlab Help Center ,N/A,N/A,1,N,Learning how to clean data and make it organized ,https://matlabacademy.mathworks.com/details/handle-inconsistent-and-unstructured-data-files/lpmlhiu
Matlab,Applied / Domain-Specific Resources,Beginner,Mathworks: Matlab help center,Mathworks ,N/A,N/A,1,N,"Learning how to use Matlab programming, scripts, arrays, and visualizations",https://www.mathworks.com/help/matlab/getting-started-with-matlab.html
Matlab,Applied / Domain-Specific Resources,Intermediate,MATLAB and it's applications for data science and machine learning ,Marco Giancola,N/A,N/A,1,N,Learning about matlab data applications and how to use them ,https://www.linkedin.com/pulse/matlab-its-applications-data-science-machine-learning-marco-giancola-letyf/
Matlab,Online Courses / Structured Learning Paths,Intermediate,Matlab desktop tools and troubleshooting scripts ,Matlab Help Center ,N/A,N/A,1,N,Troubleshooting scripts and optimizing your work environment ,https://matlabacademy.mathworks.com/details/matlab-desktop-tools-and-troubleshooting-scripts/otmldts
Matlab,Online Courses / Structured Learning Paths,Advanced,Matlab skills for simulink modeling ,Matlab Help Center ,N/A,N/A,1,N,Learning how to use simulink workflows ,https://matlabacademy.mathworks.com/details/matlab-skills-for-simulink-modeling/lpmlssm
Matlab,Online Courses / Structured Learning Paths,Intermediate,Model Dynamic Systems,Matlab Help Center ,N/A,N/A,1,N,Learning to build models in matlab,https://matlabacademy.mathworks.com/details/model-dynamic-systems/otslmds
Matlab,Online Courses / Structured Learning Paths,Intermediate,Organize Tabular data in matlab,Matlab Help Center ,N/A,N/A,2,N,Learning how to work with table data in matlab,https://matlabacademy.mathworks.com/details/organize-tabular-data-in-matlab/lpmlotd
Matlab,Applied / Domain-Specific Resources,Advanced,petercorke:github ,petercorke,N/A,N/A,1,N,Bringing robotics computations into MATLAB ,https://github.com/petercorke/robotics-toolbox-matlab
Matlab,Online Courses / Structured Learning Paths,Intermediate,Programming in Matlab,Matlab Help Center,N/A,N/A,2,N,Learning to Debug matlab coding and increase efficiency,https://matlabacademy.mathworks.com/?page=1&fq=programming&sort=featured
Matlab,Online Courses / Structured Learning Paths,Advanced,Software Development in Matlab,Matlab help center,N/A,N/A,1,N,Learning to build user friendly applications in matlab,https://matlabacademy.mathworks.com/?page=2&sort=featured
N/A,Applied / Domain-Specific Resources,Advanced,Amirhossein Nazerian: ResearchGate ,Amirhossein Nazerian,N/A,N/A,,N,learning about applications to modeling and simulations,https://www.researchgate.net/profile/Amirhossein-Nazerian
N/A,Online Courses / Structured Learning Paths,New to Programming,Choosing a Programming Language ,Code Academy ,N/A,N/A,1,N,Understanding the applications and benefits of different programming languages ,https://www.codecademy.com/learn/choosing-a-programming-language-track
N/A,Online Courses / Structured Learning Paths,New to Programming,Code Foundations,Code Academy ,N/A,N/A,1,N,Getting a strong all around foundation for coding as well as a certification ,https://www.codecademy.com/learn/paths/code-foundations
N/A,Applied / Domain-Specific Resources,Advanced,Erin Nishimura: github,Erin Nishimura,N/A,N/A,,N,Learning biological coding appllications from CSU DSCI 512 course,https://github.com/erinosb/2024_RNAseq_PE_array
N/A,Applied / Domain-Specific Resources,Intermediate,Integrated Urban Water Modeling Platform,Mazdak Arabi,N/A,N/A,,N,Modeling applications for mass balance approaches,https://csustrata.org/technology-transfer/available-technology/integrated-urban-water-modeling-platform/
N/A,Applied / Domain-Specific Resources,Beginner,JMP: Statistical Discovery ,JMP,N/A,N/A,,N,Learning to use JMP coding software for dataset analysis ,https://www.bing.com/ck/a?!&&p=08c97528ceeaaaaff317b0fbcbc4ad21c994bbbaf4b352153a9bfa16873e77e4JmltdHM9MTc3OTc1MzYwMA&ptn=3&ver=2&hsh=4&fclid=2a68803d-d7c7-641b-3466-96e4d6066551&psq=what+coding+does+JMP+software+use&u=a1aHR0cHM6Ly93d3cuam1wLmNvbS9jb250ZW50L2RhbS9qbXAvZG9jdW1lbnRzL2VuL3N1cHBvcnQvam1wMTgyL3NjcmlwdGluZy1ndWlkZS5wZGY
N/A,Online Courses / Structured Learning Paths,New to Programming,Learn how to Code,Code Academy ,N/A,N/A,1,N,Learning the coding basics ,https://www.codecademy.com/learn/learn-how-to-code
N/A,Applied / Domain-Specific Resources,Intermediate,Ryan Bailey: CV,Ryan Bailey,N/A,N/A,,N,using models for hydroogy monitoring and nutrient tracking,https://www.engr.colostate.edu/ce/wp-content/uploads/2024/08/Bailey_CV.pdf
N/A,Video Courses / Structured Learning Paths,Advanced,Sudeep Pasricha: Online Website,Sudeep Pasricha,N/A,N/A,,N,Accessing variety of code related videos,https://www.engr.colostate.edu/~sudeep/
N/A,Online Courses / Structured Learning Paths,Advanced,Code Academy: Learn Advanced Java,Code Academy ,N/A,N/A,1,N,Learning advanced Java coding methods such as concurrent programming,https://www.codecademy.com/learn/learn-advanced-java
N/A,Online Courses / Structured Learning Paths,Advanced,Code Academy: Learn Java Developer Tools with VS Code,Code Academy ,N/A,N/A,1,N,Learning how to use Java for softawre development ,https://www.codecademy.com/learn/learn-java-developer-tools-with-vs-code
N/A,Online Courses / Structured Learning Paths,New to Programming,Code Academy: Learn Java: Debugging,Code Academy ,N/A,N/A,1,N,Identifying common issues in Java and how to debug them ,
N/A,Applied / Domain-Specific Resources,Beginner - Advanced,"Codepen: The best place to build, test, and discover front end code ",CodePen,N/A,N/A,2,N,Practicing coding skills ,https://codepen.io/
Python,Video Courses / Structured Learning Paths,Beginner,Automate the Boring Stuff (Videos),Al Sweigart,N/A,N/A,1,N,learning how to use Automation; productivity; and scripting,https://www.youtube.com/playlist?list=PL0-84-yl1fUnRuXGFe_F7qSH1LEnn9LkW
Python,Books / eBooks,Beginner,Automate the Boring Stuff with Python,Al Sweigart,N/A,N/A,1,N,Learning more about Automation and eal-world scripting,https://automatetheboringstuff.com/
Python,Applied / Domain-Specific Resources,Beginner,Coding and Cookies: Python,Coding and Cookies,N/A,N/A,1,N,Accessing python coding resources such as workshops and online lessons,https://libguides.colostate.edu/coding-cookies/python
Python,Books / eBooks,Intermediate,Dive Into Python 3,Mark Pilgrim,N/A,N/A,2,N,Deepening your understanding of Python,https://diveintopython3.net/
Python,Applied / Domain-Specific Resources,Beginner,Evan Anspach: Github,Evan Anspach,N/A,N/A,1,N,Practicing Python Code ,https://github.com/Evanans/CS150B-Lab-Instructions
Python,Documentation / Reference / Practice,Beginner,GeeksforGeeks Python Tutorial,GeeksforGeeks,N/A,N/A,2,N,Getting a general overview of python coding,https://www.geeksforgeeks.org/python/python-programming-language-tutorial/
Python,Applied / Domain-Specific Resources,Advanced,Haonen Chen: Github,Haonen Chen,N/A,N/A,1,N,Python applications for AI and robot learning,https://github.com/haonan16/duo
Python,Applied / Domain-Specific Resources,Advanced,Haonen Chen: Github,Haonen Chen,N/A,N/A,1,N,Utilizing Python to detect 2d Pixels in 3d spaces,https://github.com/haonan16/duo
Python,Applied / Domain-Specific Resources,Advanced,Haonen Chen: Github,Haonen Chen,N/A,N/A,2,N,Utilizing Python for robot learning,https://github.com/haonan16/duo
Python,Applied / Domain-Specific Resources,Advanced,Jesse Wilson: Github ,Jesse Wilson ,N/A,N/A,1,N, Learning Technical and Biological Python  Applications,https://github.com/wilsonjwcsu
Python,Video Courses / Structured Learning Paths,New to Programming,Khan Academy ‚Äì Intro to Python,Khan Academy,N/A,N/A,1,N,Introducing oneself to python  ,https://www.khanacademy.org/computing/intro-to-python-fundamentals
Python,Video Courses / Structured Learning Paths,Beginner - Advanced,LinkedIn Learning ‚Äì Python Courses (paywalled),LinkedIn Learning,N/A,N/A,2,N,Structuring Career Learning and Associating it with python related skills ,https://www.linkedin.com/learning/search?keywords=python
Python,Applied / Domain-Specific Resources,Advanced,Logan Seabolt: Github,Logan Seabolt,N/A,N/A,1,N,Applying Python Code to Research,https://github.com/Logan-Seabolt/Logan-Seabolt-Research/blob/main/Testzone.py
Python,Applied / Domain-Specific Resources,Beginner,Logan Seabolt: Github ,Logan Seabolt ,N/A,N/A,1,N,Practicing If-Statements ,https://github.com/Logan-Seabolt/Lab04ChoicesRamDesk
Python,Applied / Domain-Specific Resources,Beginner,Michael Kirby,Michael Kirby,N/A,N/A,1,N,Accessing Various tools for solutions for google platform products,https://github.com/michael-kirby/professional-services
Python,Video Courses / Structured Learning Paths,New to Programming,MIT ‚Äì Introduction to Computer Science and Programming in Python,MIT OpenCourseWare,N/A,N/A,2,N,Strong programming foundations; CS thinking,https://ocw.mit.edu/courses/6-0001-introduction-to-computer-science-and-programming-in-python-fall-2016/video_galleries/lecture-videos/
Python,Applied / Domain-Specific Resources,Advanced,nkrishnaswamy,Nikhil Krishnaswam,N/A,N/A,1,N,Reading some applications of python code,https://github.com/nkrishnaswamy/thesis-docs-utils/tree/master/utils/preprocessing
Python,Documentation / Reference / Practice,Beginner,Official Python Tutorial,Python Software Foundation,N/A,N/A,1,N,Mastering the core concepts of the python language ,https://docs.python.org/3/tutorial/
Python,Online Courses / Structured Learning Paths,Intermediate,Programming with Python,The Carpentries,N/A,N/A,1,N,Learning to program with python for data science purposes ,http://swcarpentry.github.io/python-novice-inflammation
Python,Applied / Domain-Specific Resources,Beginner - Advanced,Python Coding Resources,The Carpentries,N/A,N/A,2,N,Accessing a wide array of python coding resources ,https://carpentries.org/lessons/
Python,Online Courses / Structured Learning Paths,Intermediate,Python for Ecologists,The Carpentries,N/A,N/A,2,N,Learning how to analyze and visualize data in python for ecological applications ,https://datacarpentry.org/python-ecology-lesson/
Python,Documentation / Reference / Practice,Intermediate,Real Python,Real Python Team,N/A,N/A,1,N,Programming with python for real world applications ,https://realpython.com/
Python,Video Courses / Structured Learning Paths,Intermediate,Sage Campus ‚Äì Intermediate Python Skills,Sage Campus,N/A,N/A,1,N,Applying coding to research based workflows ,https://classroom.sagepub.com/course/view.php?id=7
Python,Video Courses / Structured Learning Paths,Beginner,Sage Campus ‚Äì Intro to Python,Sage Campus,N/A,N/A,1,N,Learning important concepts for python ,https://classroom.sagepub.com/course/view.php?id=12
Python,Applied / Domain-Specific Resources,Advanced,Sarathsreedharan: Github ,Sarath Sreedharan,N/A,N/A,1,N,Using Python to build AI and large scale modeling.,https://github.com/sarathsreedharan/simoorg
Python,Video Courses / Structured Learning Paths,New to Programming,Software Carpentry ‚Äì Python Novice Inflammation,Software Carpentry,N/A,N/A,2,N,Gaining a foundational knoweldge of scientific computing basics ,https://swcarpentry.github.io/python-novice-inflammation/
Python,Applied / Domain-Specific Resources,Intermediate,Tai Montgomery: Github Repositories,Tai Montgomery,N/A,N/A,1,N,Learning Technical Python Skills for Computational Biologists,https://github.com/taimontgomery/SnakemakeTutorial
Python,Books / eBooks,Intermediate,The Hitchhiker‚Äôs Guide to Python,Kenneth Reitz et al.,N/A,N/A,1,N,Learning best practices for clean code in python,https://docs.python-guide.org/
Python,Applied / Domain-Specific Resources,Advanced,Tristachi: Github,Ravi Mangal,N/A,N/A,1,N,Using Python to code for robustness using different ensembles ,https://github.com/ravimangal/cascade-robustness-impl
Python,Documentation / Reference / Practice,Beginner,W3Schools Python Exercises,W3Schools,N/A,N/A,1,N,Practicing and reinforcing python skills ,https://www.w3schools.com/python/exercise.asp
Python,Applied / Domain-Specific Resources,Advanced,Yunpeng Zhao: Github,Yunpeng Zhao,N/A,N/A,2,N,Learning to use Python for research data analysis,https://github.com/yunpeng-zhao/syndata-privacy
R,Applied / Domain-Specific Resources,Advanced,Brian Gerber: Github,Brian Gerber,N/A,N/A,1,N,modeling for biological habitat applications using R,https://github.com/bgerber123/
R,Applied / Domain-Specific Resources,Intermediate,Brian Gerber: Github,Brian Gerber,N/A,N/A,1,N,Learning to use for loops for simulating purposes,https://github.com/bgerber123/R-Code-Things/blob/main/for.loops.r
R,Applied / Domain-Specific Resources,Intermediate,Brooke Anderson: Github,Brooke Anderson,N/A,N/A,1,N,Using R for climate and weather based research ,https://github.com/geanders
R,Applied / Domain-Specific Resources,Beginner,Coding and Cookies: R,Coding and Cookies,N/A,N/A,1,N,Accessing introductory R Material and Online resources,
R,Applied / Domain-Specific Resources,Advanced,CUAHSI Hydroinformatics Portal,CUAHSI,N/A,N/A,1,N,Water data science; hydroinformatics,https://water-content-portal.cuahsi.io/hydroinformatics/
R,Books / eBooks,Intermediate,Ellison Carter: Google Scholar,Ellison Carter,N/A,N/A,1,N,Learning air pollutation tracking concepts,https://scholar.google.com/citations?user=q0hxm_gAAAAJ&hl=en
R,Online Courses / Structured Learning Paths,Beginner,Guarav Jetly: Github,Guarav Jetly,N/A,N/A,2,N,Accessing foundational tools for R through workshop ,https://github.com/gauravjetley/R-Programming-workshop
R,Books / eBooks,Beginner,Hands-On Programming with R,Garrett Grolemund,N/A,N/A,1,N,Learning programming fundamentals in R,https://rstudio-education.github.io/hopr/
R,Books / eBooks,Beginner,Introduction to R,Multiple authors,N/A,N/A,2,N,Accessing Foundational concepts and basics of R,https://intro2r.com/
R,Applied / Domain-Specific Resources,Beginner,Introduction to R Seminar,UCLA,N/A,N/A,1,N,"Accessing R material for downloading packages, vectors, datasets, variables,and work sharing document types ",https://stats.oarc.ucla.edu/r/seminars/intro/
R,Books / eBooks,Beginner,John Volckens: Coursebook,John Volckens,N/A,N/A,1,N,Learning a wide array of R concepts ,https://smogdr.github.io/edar_coursebook/
R,Applied / Domain-Specific Resources,Beginner,Mike Johnson: Github,Mike Johnson,N/A,N/A,1,N,"Building a website using R, as well as accessing R Code for water based applications",https://github.com/mikejohnson51
R,Applied / Domain-Specific Resources,Beginner - Advanced,Posit Cloud: R Recipes,Posit,N/A,N/A,1,N,Accessing coding examples of R for learning,https://posit.cloud/learn/recipes
R,Books / eBooks,Beginner - Advanced,R for Data Science,Hadley Wickham & Garrett Grolemund,N/A,N/A,2,N,Acessing R related textbook resources,https://r4ds.hadley.nz/
R,Applied / Domain-Specific Resources,Beginner - Advanced,R for Spatial Analysis (GitHub),dcarver1,N/A,N/A,1,N,Using R for Geospatial analysis ,https://github.com/dcarver1/R_SC_Spatial
R,Documentation / Reference / Practice,Intermediate,R Packages,Community-driven,N/A,N/A,1,N,Exploring available R packages,https://r-packages.io/packages
R,Documentation / Reference / Practice,Beginner - Advanced,R Statistics,Selva Prabhakaran,N/A,N/A,1,N,Exploring Practical examples and quick reference,https://r-statistics.co/
R,Books / eBooks,Beginner,R Statistics Tutorial,R statistics,N/A,N/A,,N,Learning how to use R + RStudio and practicing,
R,Video Courses / Structured Learning Paths,New to Programming,Sage Campus: Introduction to R,Sage Campus,N/A,N/A,1,N,Introducing onself to R,https://classroom.sagepub.com/course/view.php?id=2
R,Video Courses / Structured Learning Paths,Intermediate,Sage Campus: Practical Data Management in R,Sage Campus,N/A,N/A,1,N,Wrangling and managing data for ecological applications ,https://classroom.sagepub.com/course/view.php?id=8
R,Applied / Domain-Specific Resources,Intermediate,Stacy Edmundson: Zoomcamp,Stacy Edumdson,N/A,N/A,1,N,Learning how to use R for dataengineering applications,https://edmondsl.github.io/2022/03/15/DE-Zoomcamp-Notes.html
R,Video Courses / Structured Learning Paths,Intermediate,The Carpentries: Data Analysis and Visualization in R for Ecologists,Data Carpentry,N/A,N/A,1,N,Data analysis; scientific workflows,https://datacarpentry.org/R-ecology-lesson/
R,Applied / Domain-Specific Resources,Intermediate,Xinran Wang: Github,Xinran Wang,N/A,N/A,2,N,Learning to built Quarto Websites and apply themes,https://github.com/wang8740/
SQL,Online Courses / Structured Learning Paths,Intermediate,Analyze Data with SQL,Code Academy,N/A,N/A,1,N,Analyzing large datsets with SQL as well as preparation for technical interviews ,https://www.codecademy.com/learn/paths/analyze-data-with-sql
SQL,Online Courses / Structured Learning Paths,Beginner,Codefinity: Introduction to SQL ,Codefinity,N/A,N/A,2,N,Understanding the basics of SQL ,https://codefinity.com/courses/v2/b3ddb247-eebc-4cd4-a859-0d9c1428d0bf?utm_source=bing&utm_medium=cpc&utm_campaign=569548026&utm_content=1174280248644706&utm_term=how%20to%20use%20sql%20for%20beginners&msclkid=791b78ad00c31701f51412bbfcb884b8
SQL,Online Courses / Structured Learning Paths,Intermediate,Codez Up: SQL for big data: Handling Large Scale Datasets,Codez up,N/A,N/A,1,N,Applying basic coding languages to large scale SQL datasets ,https://codezup.com/sql-for-big-data-handling-large-scale-data-sets/
SQL,Online Courses / Structured Learning Paths,Beginner,Intro to SQL,Code Academy,N/A,N/A,2,N,Learning basic SQL Skills ,https://www.codecademy.com/learn/learn-sql-aggregate-functions
SQL,Online Courses / Structured Learning Paths,Beginner,Learn SQL,Code Academy ,N/A,N/A,1,N,Learning introductory SQL Concepts and Skills ,https://www.codecademy.com/learn/learn-sql-multiple-tables
SQL,Online Courses / Structured Learning Paths,Intermediate,Learn SQL: Aggregate Functions,Code Academy,N/A,N/A,1,N,Applying SQL Functions to perform calculations ,https://www.codecademy.com/learn/learn-sql-aggregate-functions
SQL,Online Courses / Structured Learning Paths,Beginner,Learn SQL: Multiple Tables,Code Academy,N/A,N/A,1,N,Joining and working with multlipe different tables in SQL ,https://www.codecademy.com/learn/learn-sql-multiple-tables
SQL,Books / eBooks,Intermediate,Medium: Top 15 SQL Query Techniques for Big Datasets,Medium,N/A,N/A,1,N,Understanding Best Practcies for SQL Coding ,https://medium.com/@CodeWithHannan/top-15-sql-query-optimization-techniques-for-big-datasets-6d808745fa98
SQL,Online Courses / Structured Learning Paths,Beginner - Advanced,SQL Courses ,Code Academy,N/A,N/A,2,N,Accessing a Wide Array of SQL Resources,https://www.codecademy.com/catalog/language/sql
SQL,Books / eBooks,Beginner,SQL Tutorial,W3 Schools,N/A,N/A,1,N,Accessing important SQL commands and examples ,https://www.w3schools.com/sql/default.asp
SQL,Applied / Domain-Specific Resources,Beginner,Vidya Gaddy: Github,Vidya Gaddy,N/A,N/A,1,N,Practicing filtering large datasets for desired information,https://github.com/Vidyagaddy/DSCI235Test/blob/main/practice_final%20(1).ipynb
Unix,Online Courses / Structured Learning Paths,Beginner,Allison: Unix/Linux and Shell Scirpting - Crash Course,Allison ,N/A,N/A,1,N,Familiarizing yourself with basic Unix Commands,https://alison.com/course/unix-linux-and-shell-scripting-crash-course?msockid=2a68803dd7c7641b346696e4d6066551
Unix,Books / eBooks,New to Programming,GeeksforGeeks: Introduction to Unix System,GeeksforGeeks,N/A,N/A,1,N,Developing a basic understanding of Unix Code,https://www.bing.com/search?q=what+is+Unix+Coding&cvid=1bf74d737239436b960c2113f79702a8&gs_lcrp=EgRlZGdlKgYIABBFGDkyBggAEEUYOTIGCAEQABhAMgYIAhAAGEAyBggDEAAYQDIGCAQQABhAMgYIBRAAGEAyBggGEAAYQDIGCAcQABhAMgcICBDrBxhA0gEIMjI2NWowajmoAgiwAgE&FORM=ANAB01&PC=DCTS&source=chrome.ob
Unix,Online Courses / Structured Learning Paths,Beginner,Introduction to Linux ,Code Academy,N/A,N/A,1,N,Accessing all around basic linux environment introductions. ,
Unix,Video Courses / Structured Learning Paths,Intermediate,Maximus Mcollough: Setting up Multiple Display Monitors and Settings in Linux ,Maximus Mcollough ,N/A,N/A,1,N,Learning how to connect multiple monitors to one laptop with Unix ,https://www.bing.com/ck/a?!&&p=7e547513dbcc583058822801d5ed58d492b7c4f546c9047e646f5d0bbdae9523JmltdHM9MTc3OTg0MDAwMA&ptn=3&ver=2&hsh=4&fclid=2a68803d-d7c7-641b-3466-96e4d6066551&u=a1L3ZpZGVvcy9yaXZlcnZpZXcvcmVsYXRlZHZpZGVvP3E9Q29ubmVjdGluZyttdWx0aXBsZSttb25pdG9ycyt1c2luZyt1bml4Jm1pZD1CQkY4MjhGODI5QjA3QzlEREJEMkJCRjgyOEY4MjlCMDdDOUREQkQyJmNodXJsPWh0dHBzJTNhJTJmJTJmd3d3LnlvdXR1YmUuY29tJTJmY2hhbm5lbCUyZlVDZGR3dkJYNVJJbXRYVzlXcHBaYk5NdyZGT1JNPVZJUkU
Unix,Documentation / Reference / Practice,Beginner,The Unix Shell,Carpentry,N/A,N/A,1,N,Introducing oneself  to the Unix Shell for Unix software usage,https://swcarpentry.github.io/shell-novice/
Unix,Online Courses / Structured Learning Paths,Beginner - Advanced,Udemy - Unix Courses (Paywalled) ,Udemy,N/A,N/A,2,N,Achieving a well based understanding of Unix ,https://www.udemy.com/course/unix-linux-operating-system/
Unix,Applied / Domain-Specific Resources,Beginner,Unix Tutorial: Basic Unix Commands ,Unix Tutorial,N/A,N/A,1,N,Learning essential Unix Commands and what they do,https://www.unixtutorial.org/basic-unix-commands/